"","vert_name_chn","degree2","betweenness2","closeness2","clust_coeff2","pagerank2","eigen_c2"
"1",1,81,747.075994689925,0.00056785917092561,0.253703703703704,0.00234840669676061,0.132438424130799
"2",2,22,59.2940362531605,0.00051440329218107,0.233766233766234,0.000777957565022276,0.0390596215363245
"3",3,32,1121.45166919603,0.000508905852417303,0.284274193548387,0.00128079745566968,0.0406349224414173
"4",4,30,1.63150927013947,0.000434404865334492,0.71264367816092,0.000696921790762323,0.140738071373036
"5",5,7,7.85072484208573,0.000503018108651911,0.380952380952381,0.000382185484487183,0.0146302429596855
"6",6,61,6.71349828813578,0.000444642063139173,0.658469945355191,0.00123082973717375,0.270371622312994
"7",7,22,22.941837411959,0.000491642084562439,0.402597402597403,0.00075293663674824,0.0424131821456736
"8",8,13,7.37555520931359,0.000510986203372509,0.551282051282051,0.000542366734496577,0.0238724886773265
"9",9,1,0,0.000355113636363636,0,0.00020987112380055,0.000400726265084921
"10",10,81,143.539623739532,0.000477554918815664,0.576543209876543,0.00163130109118261,0.304883469698655
"11",11,59,345.329640900471,0.000577034045008655,0.328462887200468,0.00175038350426913,0.118984290338404
"12",12,22,61.8669201179785,0.000475285171102662,0.277056277056277,0.000809271778366956,0.0240533559911598
"13",13,11,18.0275266960045,0.000453309156844968,0.509090909090909,0.000408591941358363,0.0334964052706275
"14",14,1,0,0.000378787878787879,0,0.000203521657625851,0.000874469867209276
"15",15,1,0,0.000387596899224806,0,0.000202708842440973,0.00136984796124368
"16",16,32,43.6425808285256,0.000443852640923213,0.0967741935483871,0.000771980654490422,0.150885564308622
"17",17,34,303.558172766196,0.000543773790103317,0.397504456327986,0.00110913555526872,0.0726514612923188
"18",18,15,29.527340645323,5e-04,0.438095238095238,0.000595580479283719,0.0258179953960152
"19",19,55,483.521514022861,0.000574712643678161,0.266666666666667,0.00163675796983866,0.123995941410301
"20",20,9,158.039859293283,0.00049825610363727,0.222222222222222,0.000507945465573131,0.0156791564409315
"21",21,72,336.611330336953,0.000557413600891862,0.518779342723005,0.0015284848172199,0.291562105524706
"22",22,3,0,0.000491883915395967,1,0.000257761021768715,0.0100917288320575
"23",23,25,70.1743068816903,0.000500250125062531,0.426666666666667,0.000867167660763885,0.0472971721257119
"24",24,6,1.12732683982684,0.000396825396825397,0.8,0.000366171010792198,0.00323081707294422
"25",25,10,3.80635403845061,0.000502765208647562,0.6,0.000453880786569791,0.0281965881591455
"26",26,48,537.264270384845,0.000564334085778781,0.390070921985816,0.00123472619650854,0.178977486621507
"27",27,10,0.663239724961969,0.00043630017452007,0.311111111111111,0.000423055113140984,0.0364385240164287
"28",28,9,0.976985760076545,0.000502765208647562,0.75,0.000414980850519939,0.0220825104853894
"29",29,29,47.1808832662026,0.000467726847521048,0.551724137931034,0.000714250286239547,0.122482771237781
"30",30,4,6.4631549369852,0.000372995151063036,0.166666666666667,0.000364856067264162,0.00315943552569716
"31",31,27,12.5385316102382,0.000469704086425552,0.698005698005698,0.000653246064564298,0.130512109734508
"32",32,107,157.000934253261,0.000498504486540379,0.490918709222359,0.00211734085849592,0.386396524197782
"33",33,6,82.0300277297745,0.000507872016251905,0.6,0.000393833260035873,0.0149259280312722
"34",34,3,0,0.000404040404040404,1,0.00026242387373265,0.00278760144233074
"35",35,37,159.678609392501,0.000554938956714761,0.244744744744745,0.00114976678638764,0.0812087005756588
"36",36,2,0,0.000406669377795852,1,0.000230788502239293,0.00292231974430975
"37",37,1,0,0.000407830342577488,0,0.000200146113447412,0.00304000210045705
"38",38,11,4.21101904150845,0.000467726847521048,0.272727272727273,0.000468919715757436,0.0299412532406323
"39",39,16,10.7196656616039,0.000490918016691213,0.533333333333333,0.000613970680226737,0.0273236355065436
"40",40,3,0.129361659379497,0.000422832980972516,0.666666666666667,0.000254008974824058,0.00466391753232245
"41",41,26,21.4852313642305,0.000498753117206983,0.495384615384615,0.00086082650843887,0.0362695061095996
"42",42,91,63.7847795070168,0.000469043151969981,0.532844932844933,0.00178774227236293,0.355487035060639
"43",43,40,86.2098082273372,0.000516262261228704,0.283333333333333,0.00123119157159798,0.0778764598427765
"44",44,2,0,0.000376506024096386,1,0.000243099157473454,0.0010042647382814
"45",45,14,28.3857769703341,0.00046882325363338,0.307692307692308,0.000473190699043447,0.0558228403300879
"46",46,11,5.92191141374904,0.000472589792060492,0.563636363636364,0.000468272011949253,0.0233682951564096
"47",47,12,9.85161789507626,0.000444642063139173,0.560606060606061,0.000484587190445618,0.020849201873244
"48",48,13,31.6706318562596,0.000443262411347518,0.525641025641026,0.000557722467356262,0.0148607176065481
"49",49,10,4.50225325902467,0.000453103760761214,0.444444444444444,0.000438502751932613,0.0152325143865806
"50",50,146,7551.89370571852,0.00062111801242236,0.132923948984412,0.00474595827732248,0.201650638397005
"51",51,22,20.8878488900698,0.000505561172901921,0.463203463203463,0.000751689307959269,0.0468675977812992
"52",52,23,38.0485496691614,0.00053134962805526,0.328063241106719,0.000801804584490841,0.0410553751598114
"53",53,15,44.9993383444903,0.000480769230769231,0.40952380952381,0.000628185240369471,0.0233773324455622
"54",54,8,0.125697618058441,0.000417188151856487,0.678571428571429,0.000381601949877441,0.0106459566995685
"55",55,13,14.0959465180211,0.000438212094653812,0.141025641025641,0.000460334928363847,0.0533632364390346
"56",56,8,17.5484218067221,0.000446827524575514,0.25,0.000399792571841338,0.0180875604864362
"57",57,13,13.0575996801203,0.000482625482625483,0.333333333333333,0.000520522632139191,0.0282246256971228
"58",58,8,4.47956118424481,0.000503271263210871,0.571428571428571,0.000413591864708551,0.0176867241439315
"59",59,92,1447.70172390541,0.00058343057176196,0.233635929288103,0.00272630276701386,0.150466075592722
"60",60,86,58.5765650815084,0.000458715596330275,0.554035567715458,0.00170050878806973,0.346164264919081
"61",61,12,6.20808921500922,0.000482392667631452,0.621212121212121,0.000490679722920267,0.0223638243566925
"62",62,38,272.826885444751,0.000560852495793606,0.308677098150782,0.00116807740513191,0.0953016299708637
"63",63,64,293.980030588932,0.000568181818181818,0.283730158730159,0.00187930891841868,0.135038652560288
"64",64,66,289.445214513625,0.000572737686139748,0.303030303030303,0.00187377386109795,0.149178601011652
"65",65,19,40.9321640147892,0.000446627958910228,0.415204678362573,0.000564322970634232,0.0723309453610688
"66",66,5,0,0.000419463087248322,1,0.000273551907992867,0.0189015213329699
"67",67,51,12.4350382863301,0.000464252553389044,0.746666666666667,0.00108116570363107,0.214501722464598
"68",68,3,0.530882654951513,0.000427350427350427,0.333333333333333,0.000258747635569702,0.00450328219347309
"69",69,115,272.406832861449,0.000505816894284269,0.461784897025172,0.00228750346160336,0.411368142011109
"70",70,14,54.9604957768494,0.00045766590389016,0.395604395604396,0.000515149086149419,0.0372569585626842
"71",71,1,0,0.000368324125230203,0,0.00020771638344374,0.000434537866383271
"72",72,24,25.2781795378941,0.000524383848977452,0.471014492753623,0.000832441831600072,0.0466056265990895
"73",73,1,0,0.000396982929734021,0,0.00020009985559412,0.00260751668130984
"74",74,15,4.58192715775759,0.000525762355415352,0.761904761904762,0.00055489101008424,0.0362367898957108
"75",75,10,16.8259910625504,0.000465549348230913,0.488888888888889,0.000464433726166163,0.0173167310942671
"76",76,7,0.704159573867952,0.000504540867810293,0.619047619047619,0.000367550429301289,0.0181227013921155
"77",77,23,45.1829398924057,0.000520291363163372,0.328063241106719,0.000789000713174968,0.0371118031643992
"78",78,39,123.266363126428,0.000541125541125541,0.411605937921727,0.00125212125750291,0.0795375098640064
"79",79,138,266.411198709071,0.000467726847521048,0.123876018195282,0.00268326789777132,0.563361854288554
"80",80,48,556.026843543652,0.000530785562632696,0.299645390070922,0.00153954768058999,0.0795061239572463
"81",81,16,60.5627405665889,0.000438981562774363,0.641666666666667,0.000516168008460993,0.0625387427243388
"82",82,7,6.812537596606,0.000427167876975651,0.333333333333333,0.000420927649809992,0.00583798316724514
"83",83,7,7.27095367655731,0.000459770114942529,0.428571428571429,0.000381611121752882,0.0114617012125426
"84",84,15,67.5817000602801,0.000471698113207547,0.295238095238095,0.000671576907657861,0.0173439047758795
"85",85,47,328.47290421836,0.000561797752808989,0.335800185013876,0.0015086864497217,0.0826413630930666
"86",86,11,4.03059686978733,0.000478011472275335,0.581818181818182,0.000456263175724458,0.0207347126055773
"87",87,9,9.27175455807122,0.000498753117206983,0.444444444444444,0.000433354751048464,0.0252975759935743
"88",88,7,1.09154371243295,0.000460405156537753,0.476190476190476,0.000348947767320362,0.0144999418047363
"89",89,33,180.065060808722,0.000547345374931582,0.418560606060606,0.000855398453610152,0.142456722349651
"90",90,10,0.975002396392683,0.00043859649122807,0.688888888888889,0.000360982893416806,0.0534374029642071
"91",91,9,5.53158610470058,0.000420344682639765,0.333333333333333,0.000431597691687047,0.0089292541578652
"92",92,4,0.887770035518487,0.000417885499373172,0.5,0.000281827840226063,0.00552141104795043
"93",93,6,4.54381815899814,0.000446827524575514,0.533333333333333,0.000335784483475018,0.00994733734662966
"94",94,8,0.459064646679808,0.000465332712889716,0.785714285714286,0.000374698832391323,0.0200014360910863
"95",95,2,0,0.000388500388500389,1,0.000253225999722624,0.0015869076245048
"96",96,71,2042.54223315255,0.000561482313307131,0.14728370221328,0.00246019704080796,0.100174634482854
"97",97,160,5151.44118344206,0.000630517023959647,0.147562893081761,0.00463049047444133,0.272701607099101
"98",98,24,3.41404545557227,0.000492125984251968,0.16304347826087,0.000779916514449586,0.0579829917945447
"99",99,11,10.3043872622751,0.000497017892644135,0.672727272727273,0.000472868557963878,0.0250095440337328
"100",100,84,37.4649786249056,0.000440722785368004,0.168674698795181,0.00166801038998767,0.356838236711768
"101",101,13,2.42327567730433,0.000417362270450751,0.333333333333333,0.000515949446202338,0.0237645634537178
"102",102,160,2385.77665939448,0.000579710144927536,0.0503930817610063,0.00449387698562198,0.300644901422356
"103",103,4,0.7591756581556,0.000416840350145894,0.5,0.00029037506347664,0.00473538224999486
"104",104,8,5.30799098823515,0.000461254612546125,0.392857142857143,0.000401171759905233,0.0189575190218335
"105",105,12,70.696701586877,0.000517063081695967,0.696969696969697,0.000520592371949691,0.0283964175620254
"106",106,1,0,0.000398247710075667,0,0.000201335439074737,0.00193443531582501
"107",107,23,16.8965647352398,0.000481231953801732,0.383399209486166,0.000773379146600254,0.0422759496859828
"108",108,33,1.85460281128916,0.000430663221360896,0.75,0.000750135733761677,0.13900937922818
"109",109,7,1.86216005173152,0.000498504486540379,0.571428571428571,0.000379046489499865,0.0128668293966397
"110",110,7,4.50933779923179,0.000412881915772089,0.285714285714286,0.0003812878898752,0.008888101256922
"111",111,4,0.0598934063373719,0.000495540138751239,0.833333333333333,0.000279858815870545,0.0138299043822146
"112",112,8,6.44499943149502,0.000512557662737058,0.714285714285714,0.000399464188701588,0.0205644264517699
"113",113,26,84.3998595774783,0.000478697941598851,0.246153846153846,0.000942989821961827,0.0416410528625832
"114",114,15,16.1184483114026,0.000446827524575514,0.180952380952381,0.000585577648355627,0.0267135369074089
"115",115,1,0,0.000408163265306122,0,0.000201240871452413,0.00249693915823189
"116",116,3,1.67767831770389,0.000428816466552316,0.333333333333333,0.000285287867590469,0.00458282179919745
"117",117,1,0,0.000426621160409556,0,0.000201801835003805,0.0036847374120952
"118",118,4,0.126279083008562,0.000501504513540622,0.833333333333333,0.000277845378963715,0.0146502947187217
"119",119,5,1.86662966304002,0.000422832980972516,0.7,0.000322212194397964,0.00495306305435563
"120",120,44,128.195460847018,0.000554323725055432,0.366807610993657,0.00136739372972853,0.0780942657224162
"121",121,3,0.231263941799836,0.000442282176028306,0.666666666666667,0.000264459384655232,0.00690562140888601
"122",122,4,39.5353887959474,0.000449438202247191,0.166666666666667,0.000340415392686761,0.00851692003738689
"123",123,10,5.35528770581375,0.000475737392959087,0.711111111111111,0.00044920292782802,0.0188181000611915
"124",124,16,81.4237252031449,0.000516528925619835,0.625,0.00064545268880534,0.0377895221791355
"125",125,155,2793.08615147167,0.000626959247648903,0.183158776707164,0.00426900626021266,0.314503184425102
"126",126,17,20.9504902915646,0.000538213132400431,0.661764705882353,0.000590089433617391,0.0621506224992439
"127",127,54,167.128774225516,0.00046339202965709,0.0454227812718379,0.00158005924825437,0.133988517303488
"128",128,12,1.34639814045622,0.000504540867810293,0.121212121212121,0.000534347639003015,0.0277865258331935
"129",129,11,16.2379372143952,0.000424808836023789,0.290909090909091,0.000406513980173352,0.0318097576835643
"130",130,12,16.297088446252,0.000488997555012225,0.606060606060606,0.000516802722634028,0.0218148582499808
"131",131,61,19.4986064766965,0.000454959053685168,0.651912568306011,0.00125807510161898,0.251731274625479
"132",132,4,3.10349343439566,0.000429184549356223,0.166666666666667,0.000290043712757739,0.00590164359698371
"133",133,1,0,0.000308071472581639,0,0.000261399048595674,6.97099094043404e-05
"134",134,5,0.983333333333333,0.000411353352529823,0.7,0.000331384258246617,0.00441981168980898
"135",135,88,1099.30025982594,0.000589275191514437,0.264629049111808,0.00260876358799824,0.160506634431091
"136",136,13,19.992209079172,0.000459770114942529,0.435897435897436,0.000548574365305818,0.0141594587758021
"137",137,27,51.2703143966726,0.000546149645002731,0.561253561253561,0.000701557965436888,0.127351341073354
"138",138,2,0,0.00049480455220188,1,0.000229482981855128,0.0111589058254564
"139",139,66,634.783932356218,0.000535045478865704,0.0573426573426573,0.00190878524778533,0.117039170579039
"140",140,39,734.832955599787,0.000526038926880589,0.157894736842105,0.00148080676469093,0.0648773603958127
"141",141,32,2.50884682084689,0.000439753737906772,0.719758064516129,0.000744272661389057,0.14200079992085
"142",142,2,0,0.000427167876975651,1,0.000236647302930358,0.00405216682581219
"143",143,6,2.3923572924103,0.00043994720633524,0.666666666666667,0.000348603320497671,0.00859065689209579
"144",144,80,525.296315268294,0.000548546352166758,0.0958860759493671,0.00233460957808039,0.179561454482357
"145",145,25,92.3157844803813,0.000552486187845304,0.386666666666667,0.000822432052732114,0.0636463185636977
"146",146,38,217.312820195194,0.000567536889897843,0.271692745376956,0.00120315227362593,0.0779505612786911
"147",147,80,170.113679769045,0.00047438330170778,0.141455696202532,0.00161809450691508,0.338618354295734
"148",148,2,0,0.000447027268663388,1,0.000247530712165611,0.00492188405982916
"149",149,26,12.3423692929971,0.000519480519480519,0.123076923076923,0.00085983526076781,0.0556619160839748
"150",150,8,1.04822622501915,0.000499251123315027,0.714285714285714,0.000391654104692965,0.0166978492183182
"151",151,18,2.51351661693094,0.000475511174512601,0.150326797385621,0.000650583743786453,0.0334666415338889
"152",152,75,29.5504622557325,0.000458505272810637,0.636756756756757,0.00149469458863059,0.28843089158569
"153",153,28,89.695704111536,0.000539083557951483,0.428571428571429,0.000891585106178393,0.0696400175136221
"154",154,89,877.115330605541,0.000569151963574274,0.364657814096016,0.00197276783643188,0.318969576687174
"155",155,35,380.454186256033,0.000551267916207277,0.341176470588235,0.00102882378901438,0.0997658524168091
"156",156,105,2005.39825653244,0.000578034682080925,0.217216117216117,0.00319071975920773,0.143881360587985
"157",157,5,1.20805949384382,0.000502008032128514,0.7,0.000320080584435698,0.0120119674697201
"158",158,9,48.6326837963032,0.000425531914893617,0.222222222222222,0.000488949083060768,0.00840330770499666
"159",159,2,0,0.000401445202729827,1,0.000226179034148375,0.00326529919552278
"160",160,119,228.804256252437,0.000494315373208107,0.450078336419313,0.002349286201146,0.422030962675045
"161",161,1,0,0.000419991600167997,0,0.00020066748159773,0.00382405021981482
"162",162,30,256.763914148608,0.000565291124929339,0.393103448275862,0.000966235264041854,0.0825035401335357
"163",163,30,91.4805588413843,0.000546746856205577,0.36551724137931,0.000988757948809831,0.0656314049977362
"164",164,7,0.882264785049334,0.000510986203372509,0.380952380952381,0.000359417093014606,0.0202357838111437
"165",165,6,11.0645096680973,0.000397772474144789,0.333333333333333,0.00040044919639946,0.00267814965291875
"166",166,11,3.50301176957246,0.000438981562774363,0.181818181818182,0.000448146057111939,0.0365435628927257
"167",167,12,4.9463916336342,0.000521104742053153,0.606060606060606,0.000493095666216528,0.0285976730028396
"168",168,12,0.272741312741313,0.0004995004995005,0.136363636363636,0.000511129881844011,0.0277781174151309
"169",169,26,108.971349088999,0.000553403431101273,0.304615384615385,0.000870279433252978,0.055828354033385
"170",170,5,0,0.000494315373208107,0.6,0.000302977702425211,0.0135234852131374
"171",171,35,121.878684109547,0.000530503978779841,0.347899159663866,0.00114719933332071,0.0680385368202342
"172",172,33,152.077667026669,0.000541418516513265,0.553030303030303,0.000854199253055591,0.123375909882329
"173",173,38,64.2751029291722,0.000457456541628545,0.664295874822191,0.000858496766702755,0.165704365557018
"174",174,20,21.4590857753954,0.000521104742053153,0.473684210526316,0.000705510934286407,0.0342620842988566
"175",175,95,798.036205668025,0.000563063063063063,0.478611422172452,0.00195739589656424,0.362014357475397
"176",176,1,0,0.000383435582822086,0,0.000203325207663364,0.0012958920282623
"177",177,123,1412.29903145413,0.00060790273556231,0.236572037851526,0.00349551272745428,0.22833947441269
"178",178,96,422.061610339315,0.000505816894284269,0.429385964912281,0.00202851005983115,0.3348445728184
"179",179,63,363.66191793132,0.000572737686139748,0.415770609318996,0.00186505435230636,0.124411317709759
"180",180,4,0,0.000437828371278459,1,0.000281182895644304,0.00731131270474125
"181",181,42,34.9588525838243,0.000475963826749167,0.725900116144019,0.000931676007233241,0.175579561003955
"182",182,11,0.776907947925138,0.000510725229826353,0.836363636363636,0.000454353069462458,0.0289951456364063
"183",183,14,7.87097587219611,0.00045004500450045,0.252747252747253,0.000554033929267703,0.0288990444139197
"184",184,170,1893.21173232028,0.000588235294117647,0.0657152801949182,0.00464458664024545,0.341079211554199
"185",185,20,34.7235790839185,0.000478697941598851,0.3,0.000694462402845735,0.0374664038639869
"186",186,47,125.224237385038,0.000556792873051225,0.403330249768733,0.00143618174038808,0.0979758279827826
"187",187,3,0.192784462142722,0.000394011032308905,0,0.000254130721455986,0.00451238779964589
"188",188,114,1295.64511936024,0.000571102227298686,0.0673808414842416,0.00316715770250219,0.281362397496174
"189",189,74,21.8069213370924,0.000457456541628545,0.628656053313588,0.00147230266316404,0.305558593777155
"190",190,6,1.81936187386848,0.00050125313283208,0.666666666666667,0.000353200778198507,0.0165528797047173
"191",191,189,6869.72109258711,0.000640204865556978,0.148485871890127,0.00583703556594035,0.295512576055419
"192",192,22,76.363063605031,0.000535618639528656,0.428571428571429,0.000778992766628586,0.0472781746740346
"193",193,10,136.880487715643,0.000505305709954523,0.733333333333333,0.000500724807215474,0.0237031489541638
"194",194,57,140.813281308247,0.000448631673396142,0.639724310776942,0.00122024306150921,0.245007920427382
"195",195,14,6.15103332072103,0.000418410041841004,0.164835164835165,0.000556056118981069,0.0267681995718084
"196",196,4,0,0.000490196078431373,0.5,0.000275718365323707,0.01404506965196
"197",197,22,96.1133793332289,0.000552791597567717,0.363636363636364,0.000693981456557022,0.0681091503386192
"198",198,48,13.5826694224576,0.00045045045045045,0.640070921985816,0.00103007126892219,0.197925340887697
"199",199,6,15.3217716061245,0.00050251256281407,0.6,0.000355232406380839,0.0175664436472443
"200",200,33,203.466315880202,0.000547045951859956,0.477272727272727,0.00107114525694224,0.061783561357629
"201",201,18,0.0608493397358944,0.00042571306939123,0.869281045751634,0.000492465384133349,0.070826725642529
"202",202,20,32.5660839697104,5e-04,0.336842105263158,0.000725606404648676,0.0328682241362138
"203",203,48,10.7134295972822,0.00045766590389016,0.661347517730496,0.00102211916183158,0.198043988041006
"204",204,14,266.174508453249,0.000520291363163372,0.56043956043956,0.000643592767989993,0.0277857167189435
"205",205,10,7.02484259230714,0.000513347022587269,0.644444444444444,0.000450435737415187,0.0255283929939092
"206",206,36,205.333218099571,0.00050709939148073,0.111111111111111,0.0012008040572969,0.0595602885420582
"207",207,8,4.66744186289133,0.000510725229826353,0.857142857142857,0.000383673312314741,0.0260888003032145
"208",208,6,1.34417663528748,0.000430848772081,0.6,0.000361455914053926,0.00636858654809702
"209",209,25,78.9970404817968,0.000494071146245059,0.226666666666667,0.000871156186179566,0.0362589255808848
"210",210,21,46.2220980017349,0.000517330574236937,0.385714285714286,0.000736935472729979,0.0300393900409333
"211",211,4,0.168782431238516,0.000492853622474125,0.666666666666667,0.000288097957733406,0.00889402464108544
"212",212,8,0.0144927536231884,0.000416840350145894,0.714285714285714,0.000315280140956383,0.0386821807500328
"213",213,53,194.907978648705,0.000557413600891862,0.314949201741655,0.00157475491665615,0.103493746053611
"214",214,88,164.841545617362,0.000497017892644135,0.524033437826541,0.00177614623268994,0.34356404801382
"215",215,59,626.714053202268,0.000575705238917674,0.367621274108708,0.00170932110781814,0.151576014191404
"216",216,1,0,0.00036697247706422,0,0.000210912383636533,0.000462608091840749
"217",217,84,1899.3816494464,0.000580383052814858,0.302639127940333,0.00279158083052119,0.146965457266738
"218",218,20,0.270205915605215,0.000428265524625268,0.831578947368421,0.00052746511581091,0.0859730748553888
"219",219,71,650.265203232476,0.00057372346528973,0.284909456740443,0.00216141137097998,0.123349765460689
"220",220,11,5.04301005526429,0.000509424350483953,0.781818181818182,0.000458246441770406,0.0212788381833087
"221",221,113,647.261501917067,0.000508130081300813,0.447376738305942,0.00227191765508667,0.400358510469413
"222",222,23,11.7701697787112,0.000524658971668416,0.474308300395257,0.000764315256154255,0.0632250602433006
"223",223,101,1423.95476348236,0.000597014925373134,0.25960396039604,0.00293486444549559,0.179207732821597
"224",224,50,627.411168019375,0.00056785917092561,0.42530612244898,0.00122511845789436,0.163565831741575
"225",225,1,0,0.000385208012326656,0,0.000202899770660842,0.0013137086565264
"226",226,8,2.51175085854737,0.000508388408744281,0.714285714285714,0.000389475708093852,0.0233526862864251
"227",227,17,92.5943636208928,0.000521920668058455,0.308823529411765,0.000711272051865428,0.0276736318278258
"228",228,4,0,0.000489476260401371,0.5,0.000276222108578832,0.0192967867996472
"229",229,69,478.480155231505,0.000561797752808989,0.18925831202046,0.00200330620658272,0.152575477256018
"230",230,11,11.0134813844534,0.000428816466552316,0.309090909090909,0.000484027413864037,0.00931363405101753
"231",231,111,232.768935107313,0.000484730974309258,0.462735462735463,0.00223124361670036,0.385603558788721
"232",232,66,73.5251718512443,0.000476644423260248,0.46993006993007,0.00137852507629979,0.264078575101719
"233",233,75,474.632076407981,0.000571428571428571,0.278198198198198,0.00215266039897995,0.12878491716053
"234",234,5,0.112375742892261,0.000458926112895824,0.8,0.000301533128257231,0.0128648913633471
"235",235,48,487.544281104423,0.000577367205542725,0.256205673758865,0.00139200874192366,0.117823048936568
"236",236,52,715.333814268178,0.000568181818181818,0.32579185520362,0.00165140315248753,0.092183305544387
"237",237,126,1612.05076560843,0.000590318772136954,0.378031746031746,0.0026654795293684,0.424277880245156
"238",238,19,66.4003248870831,0.000441501103752759,0.198830409356725,0.00076774017624336,0.0263654320671323
"239",239,7,3.92929078891389,0.000505305709954523,0.857142857142857,0.00037642849889691,0.0169023126938726
"240",240,83,725.919191203011,0.00058343057176196,0.236849838377902,0.00243291522095645,0.143127521860658
"241",241,7,11.6938201949447,0.000502765208647562,0.571428571428571,0.000400008794407138,0.0114572893298736
"242",242,12,1.88266302254254,0.000512295081967213,0.666666666666667,0.000475285417188669,0.0408729631472929
"243",243,4,0.59549400041949,0.000503271263210871,0.833333333333333,0.000280496023809409,0.0146490356755631
"244",244,4,0,0.00048828125,0,0.000403945463711102,0.0129738254176325
"245",245,45,175.550619040956,0.000549148819330038,0.444444444444444,0.00138623021366214,0.0882502378990316
"246",246,4,0,0.000498504486540379,1,0.00028834923469301,0.0136439118693861
"247",247,16,3.06421165026711,0.000519480519480519,0.658333333333333,0.000580190638243492,0.0503319632455875
"248",248,173,5480.37191579047,0.000620347394540943,0.154052964108079,0.00512970908451556,0.261804031957642
"249",249,40,117.563830298284,0.000532197977647685,0.382051282051282,0.00124004214900826,0.083832707135532
"250",250,28,40.069935073134,0.000535905680600214,0.515873015873016,0.00094950655068978,0.0582707990083755
"251",251,21,17.9640118555689,0.000436490615451768,0.595238095238095,0.000558368807521367,0.086857095460087
"252",252,19,108.318141981634,0.000512820512820513,0.368421052631579,0.000744168672733924,0.0251132253541
"253",253,12,2.30053098148585,0.000412881915772089,0.106060606060606,0.000539737669881244,0.0108426907154573
"254",254,40,845.438375855151,0.000566893424036281,0.296153846153846,0.00138541058427355,0.0712165425676532
"255",255,13,0.35767829154625,0.000420168067226891,0.576923076923077,0.000404550016618644,0.0568589430811958
"256",256,6,0.151725589225589,0.0005005005005005,0.866666666666667,0.000327160769020784,0.0170995017060416
"257",257,12,1.38839377803744,0.000510464522715671,0.757575757575758,0.000482925540172769,0.026093631480406
"258",258,11,2.95282147937202,0.000502260170768458,0.527272727272727,0.000464666860105064,0.0318593197190392
"259",259,5,851.726396583434,0.000417536534446764,0,0.000503230042419787,0.00706880733521006
"260",260,13,24.9769921779586,0.000513874614594039,0.41025641025641,0.000526950920224574,0.0236235539843914
"261",261,24,118.286320952571,0.000527148128624143,0.373188405797101,0.000875956634934171,0.0400243170335606
"262",262,6,0.348892812088357,0.000434593654932638,0.2,0.000322654023146144,0.0152591311564903
"263",263,27,85.6707488919138,0.000530222693531283,0.413105413105413,0.000950626786361307,0.0505237064995147
"264",264,65,1849.31262212929,0.000554323725055432,0.154807692307692,0.00220974520526673,0.108627945849535
"265",265,85,1081.97736779651,0.000592768227622999,0.282072829131653,0.00257032801938471,0.179535747424651
"266",266,1,0,0.000414421881475342,0,0.000202101159538021,0.00291423346652218
"267",267,4,0.137237898900331,0.000441111601235112,0.833333333333333,0.00028387383019824,0.00721319214272944
"268",268,49,143.536362755882,0.000557413600891862,0.369047619047619,0.00148590455566788,0.0915989940068206
"269",269,56,7.35680111055951,0.000448229493500672,0.687662337662338,0.00114967654449022,0.235609732078921
"270",270,4,0,0.000495540138751239,1,0.000285029237516551,0.0118917922424667
"271",271,28,65.038813767481,0.000531067445565587,0.568783068783069,0.00071718696803386,0.113362106544924
"272",272,22,0.204621168000726,0.000517063081695967,0.186147186147186,0.000735122846763785,0.0743064735433941
"273",273,15,42.2368748038743,0.000490196078431373,0.352380952380952,0.000629916206871093,0.0216944815729096
"274",274,52,80.8328566392992,0.000458085203847916,0.636500754147813,0.00113485882501813,0.216930764901959
"275",275,11,36.432302168406,0.000470588235294118,0.454545454545455,0.000499559464763519,0.0166928790315375
"276",276,8,22.5152465417107,0.00047192071731949,0.392857142857143,0.000404082417966392,0.014120055202916
"277",277,2,0,0.000490918016691213,1,0.00022879228130097,0.0106470587259305
"278",278,3,3.610683198068,0.000392772977219167,0,0.000292838213865343,0.00176593961395121
"279",279,147,4776.34530889399,0.000615384615384615,0.127294753517845,0.00455752020707753,0.213795368994277
"280",280,5,0.572956044379756,0.000439367311072056,0.6,0.000330423320630943,0.00607503115719563
"281",281,67,49.1905524353095,0.000475511174512601,0.60153776571687,0.00135084376875601,0.279439609812214
"282",282,228,1170.78700987952,0.000501504513540622,0.11500115928588,0.00433845636525223,0.803348844661409
"283",283,115,1901.67160182525,0.000604960677555959,0.208085430968726,0.0033901894502072,0.195947797227944
"284",284,12,20.179374738639,0.000493583415597236,0.575757575757576,0.000523330471160292,0.0226308197055641
"285",285,8,15.1958303539826,0.000483792936623125,0.607142857142857,0.000351114766699553,0.0297756230187322
"286",286,12,16.430537055061,0.000522739153162572,0.575757575757576,0.000516065371395607,0.0247312326358344
"287",287,9,3.6345547691587,0.000448833034111311,0.388888888888889,0.000422593032832954,0.0137811563576229
"288",288,61,171.082146503724,0.000552791597567717,0.377595628415301,0.00178717939918866,0.128485677265347
"289",289,2,0,0.000491642084562439,1,0.000227495196069575,0.00908104366413076
"290",290,30,24.6523167220457,0.000524109014675052,0.131034482758621,0.000947365495103812,0.0681037317448508
"291",291,17,76.5742720958157,0.00051413881748072,0.448529411764706,0.00069903547657408,0.0253847483983863
"292",292,90,336.696405231954,0.000551571980143409,0.536579275905119,0.00181288577760831,0.339182186768617
"293",293,7,0,0.000415627597672485,0.285714285714286,0.000342409250261472,0.0316440209069436
"294",294,8,140.978041786932,0.000500751126690035,0.464285714285714,0.000485142797104883,0.0170361381184727
"295",295,10,1.55647354637061,0.000513083632632119,0.822222222222222,0.000447122184481732,0.0243121944922536
"296",296,41,149.69548883498,0.000554016620498615,0.371951219512195,0.00130299639263857,0.0788444835236606
"297",297,12,22.1162964329214,0.000516528925619835,0.454545454545455,0.000498910732759651,0.0290088971796657
"298",298,2,0.466903530320784,0.000403388463089956,0,0.000234914087244427,0.00232321137151229
"299",299,60,191.35719263566,0.000575373993095512,0.334463276836158,0.00171475707570408,0.131521766821549
"300",300,1,0,0.000413907284768212,0,0.000203956665574621,0.00223935016644375
"301",301,28,883.887356872031,0.000437445319335083,0.58994708994709,0.000849748840856534,0.106137581293436
"302",302,3,0.610514427817961,0.00043859649122807,0.333333333333333,0.000259202396636141,0.00668230682937936
"303",303,21,107.489373063304,0.000470145745181006,0.2,0.000779301432737605,0.039575882381232
"304",304,3,0.148873310819458,0.000418410041841004,0.666666666666667,0.000261910711894096,0.00435668722000273
"305",305,157,3915.76406002681,0.000625390869293308,0.177200718601992,0.00468985414198899,0.253197601145981
"306",306,21,74.9267145537258,0.000522739153162572,0.342857142857143,0.000732072025201579,0.0571833498293496
"307",307,11,3.39140095002733,0.000508646998982706,0.290909090909091,0.000464069040962804,0.0446603398876731
"308",308,2,0,0.000409668168783286,1,0.000215811600323674,0.00721185947409788
"309",309,6,1.20370844717806,0.000457247370827618,0.6,0.000340278137905821,0.011856220459178
"310",310,42,185.630388693549,0.000552486187845304,0.40650406504065,0.00130105097138278,0.0750274384454055
"311",311,13,8.56027544357471,0.000473260766682442,0.282051282051282,0.000532135339825817,0.0216458632662759
"312",312,1,0,0.00037147102526003,0,0.000206669157877712,0.000603804480491256
"313",313,120,2798.51315899483,0.000600240096038415,0.170868347338936,0.00347239180169179,0.250231918447077
"314",314,82,587.398056837432,0.000487329434697856,0.482685937970491,0.00173465471326661,0.305926837642222
"315",315,52,148.08138160449,0.000567536889897843,0.354449472096531,0.00151146526490815,0.113639130061131
"316",316,14,3.68871897397039,0.000517330574236937,0.571428571428571,0.000532743125015687,0.0425792034817582
"317",317,116,2838.29709491173,0.000588581518540318,0.188005997001499,0.00349605513662439,0.188426352706912
"318",318,3,22.0284351644041,0.0004510599909788,0.333333333333333,0.000298178774099323,0.00540480885854629
"319",319,7,3.23672748423981,0.000463177396943029,0.619047619047619,0.000368977131669121,0.0138223780633547
"320",320,11,3.19367081317755,0.000477783086478739,0.236363636363636,0.000430439470985167,0.0345965969224121
"321",321,17,29.6812413894024,0.000549148819330038,0.404411764705882,0.000588349737732191,0.0623356015754479
"322",322,68,807.101022083862,0.000568181818181818,0.262510974539069,0.00209992245309989,0.0949064560225758
"323",323,39,235.225006476633,0.000557413600891862,0.387314439946019,0.00123734889957041,0.0632903118305151
"324",324,36,61.7734674199066,0.000456204379562044,0.525396825396825,0.000891617964182842,0.13578059800827
"325",325,2,0,0.000411353352529823,1,0.00022740123404118,0.00369122505555887
"326",326,16,1.0348927879561,0.000523560209424084,0.633333333333333,0.000570903208157618,0.0562611809372133
"327",327,44,258.433330937739,0.000547345374931582,0.375264270613108,0.00135194335219379,0.097564032904517
"328",328,249,13428.4254668105,0.000669792364367046,0.119996113486203,0.0076023782485319,0.373644135668888
"329",329,148,2223.05851425864,0.000586854460093897,0.0683029968744254,0.00393732489608216,0.351430937210823
"330",330,21,66.1801830844745,0.000520291363163372,0.266666666666667,0.000750097326832931,0.0529102798122924
"331",331,18,35.7601399642878,0.000516795865633075,0.411764705882353,0.000700995075049443,0.0316026374590049
"332",332,25,80.5619968945471,0.000539956803455724,0.443333333333333,0.000861298466787199,0.050887215278716
"333",333,9,10.7095654196743,0.000464684014869888,0.472222222222222,0.000419980510045,0.018517690626564
"334",334,13,22.1737140283793,0.000531067445565587,0.576923076923077,0.000479238808403364,0.0426473245470998
"335",335,2,0,0.000449640287769784,1,0.000227177722321925,0.00589483839336765
"336",336,130,2590.76184341018,0.000613873542050338,0.176386404293381,0.00390262199373409,0.188280642927092
"337",337,77,74.3269678026947,0.000481927710843373,0.556390977443609,0.00155536875652938,0.313008551162771
"338",338,24,4.95737776488003,0.000513083632632119,0.155797101449275,0.000785575718469336,0.0574480745799601
"339",339,2,0,0.000404694455685957,1,0.000221240897552173,0.00499572903620957
"340",340,110,246.565416128215,0.000497017892644135,0.473060884070058,0.00220864015463574,0.379027041927711
"341",341,10,0.301853386092788,0.000509164969450102,0.733333333333333,0.000427765681581091,0.0285645410018317
"342",342,97,197.400211064754,0.000491400491400491,0.517182130584192,0.00194969199728839,0.363746664640649
"343",343,14,27.4634118413725,0.000533333333333333,0.32967032967033,0.000513933011120328,0.0507635000022801
"344",344,58,753.314527640282,0.000550357732526142,0.267392619479734,0.00185856577093383,0.082725912599536
"345",345,17,124.50345722491,0.000493583415597236,0.419117647058824,0.000785942908100442,0.0237578573763919
"346",346,6,0.0303030303030303,0.000423190859077444,0.933333333333333,0.000324295778982236,0.011749048346365
"347",347,5,0.0744234800838574,0.000431034482758621,0.8,0.000299592420700977,0.00948897336957892
"348",348,31,100.457227007576,0.000556483027267668,0.423655913978495,0.00100075316879582,0.0688633417311112
"349",349,8,0.338052073720381,0.000506329113924051,0.642857142857143,0.000376856018749996,0.0232220417975496
"350",350,27,954.755361029396,0.000533617929562433,0.293447293447293,0.00111374816565864,0.0469099372079772
"351",351,9,0.0561362756484708,0.0004149377593361,0.944444444444444,0.000334884965680103,0.033837497213845
"352",352,46,118.422693385698,0.000518941359626362,0.111111111111111,0.00137402996438413,0.0848837956286872
"353",353,39,198.86822772325,0.000556792873051225,0.306342780026991,0.00125849604840722,0.0620324871482922
"354",354,29,310.09614640233,0.000531067445565587,0.445812807881773,0.000968906900875198,0.0754894032839004
"355",355,13,77.0983933918379,0.000497265042267529,0.256410256410256,0.000592130260923873,0.0139746633232127
"356",356,10,4.03643352136878,0.000507614213197969,0.622222222222222,0.000458435080501877,0.0228044870523688
"357",357,16,3.18080673467703,0.000518672199170124,0.683333333333333,0.000581165753131163,0.0370489946325665
"358",358,44,204.410843730118,0.000542593597395551,0.443974630021142,0.00106144652832019,0.17724473456859
"359",359,9,0.710218722849079,0.000477326968973747,0.472222222222222,0.000397760914569705,0.0243018523520721
"360",360,38,70.4723504715085,0.000545851528384279,0.476529160739687,0.00118676770338884,0.0683475652117686
"361",361,97,587.755300140291,0.000562429696287964,0.490764604810997,0.0019933307477996,0.371420859461587
"362",362,14,9.88786544817808,0.000504540867810293,0.373626373626374,0.000547839989177754,0.0387074950535794
"363",363,4,0.0753918587953936,0.000466417910447761,0.833333333333333,0.000279367480193882,0.0114831527232903
"364",364,10,16.6426703333517,0.000515729757607014,0.511111111111111,0.00043927666488022,0.0263011053230055
"365",365,6,5.62362831338105,0.000371333085777943,0.2,0.00041292825348046,0.00411776149313392
"366",366,62,179.659468793898,0.000573065902578797,0.377578001057641,0.00176530425966637,0.129294058588986
"367",367,14,9.9201162603361,0.000513083632632119,0.32967032967033,0.000529179303914908,0.0511241332913941
"368",368,21,14.4682406293641,0.000450856627592426,0.271428571428571,0.000740087758184716,0.0456362469829795
"369",369,9,2.97056826013604,0.000505050505050505,0.638888888888889,0.00041086718085648,0.0196941992390514
"370",370,16,11.2295977494664,0.000525210084033613,0.466666666666667,0.000590228398930047,0.0354860620172171
"371",371,31,131.015976285003,0.000545851528384279,0.50752688172043,0.000984844702598463,0.0825598372760743
"372",372,5,0.0741565452091768,0.000500751126690035,0.9,0.000307166021192099,0.0176330423015038
"373",373,64,157.06259501762,0.000560224089635854,0.354166666666667,0.00183578694296534,0.148602837398632
"374",374,89,1162.40908317512,0.000595238095238095,0.268641470888662,0.00258406917439203,0.16175391999566
"375",375,110,1375.77890361309,0.000585137507314219,0.203336113427857,0.00313418590083133,0.205957227554634
"376",376,5,0.174938373367816,0.000500751126690035,0.4,0.000303606674927461,0.0169844678146869
"377",377,3,1.57413453767863,0.0004149377593361,0.666666666666667,0.000254592925487139,0.00439242549532748
"378",378,25,18.2342619164819,0.000542593597395551,0.6,0.000819938295867753,0.0642777805843812
"379",379,93,415.986299562133,0.000472813238770686,0.521739130434783,0.00187964894678476,0.356808165068207
"380",380,6,0.457141525388676,0.00049480455220188,0.466666666666667,0.000334407616205322,0.0148389497376888
"381",381,39,129.282675459867,0.000545553737043099,0.340080971659919,0.00117862213947347,0.0963077401265979
"382",382,52,188.605150781501,0.000531632110579479,0.0972850678733032,0.00158101481823613,0.112512598191313
"383",383,31,140.820586319347,0.000547345374931582,0.451612903225806,0.00100998801186788,0.0763493437330136
"384",384,24,11.6577165401622,0.000536768652710682,0.489130434782609,0.000773744097572738,0.0670816052833574
"385",385,75,65.8808018618248,0.000462107208872458,0.585225225225225,0.00151745493970919,0.303509171998452
"386",386,54,1701.76670629039,0.000543183052688756,0.180992313067785,0.00195792669487424,0.0612277017313625
"387",387,23,12.9459484961851,0.000523286237571952,0.434782608695652,0.000771998646126605,0.0478662453498531
"388",388,35,72.0469667600984,0.000544662309368192,0.423529411764706,0.00108193182479937,0.0671539037395008
"389",389,113,701.532956787765,0.000580046403712297,0.440423514538559,0.00230824959918728,0.403156373905704
"390",390,34,38.8347651436635,0.000546149645002731,0.427807486631016,0.00103849454142387,0.101044185885588
"391",391,44,32.5188530543052,0.000480538202787122,0.591966173361522,0.000964765954347242,0.194319662610912
"392",392,56,438.084534172587,0.000558971492453885,0.31948051948052,0.00169819647921301,0.110999511547365
"393",393,50,158.039760412873,0.000543183052688756,0.308571428571429,0.00146881344631216,0.117307623307608
"394",394,193,5066.73380596516,0.000621504039776259,0.238881692573402,0.00419054075295431,0.53761229006894
"395",395,53,1282.16690635307,0.000565291124929339,0.18722786647315,0.00190912942884738,0.1050220879972
"396",396,61,100.521598243996,0.000476190476190476,0.673224043715847,0.00126618147945867,0.244580989670124
"397",397,9,0.77203185968552,0.000489236790606654,0.833333333333333,0.000406682074396529,0.0244878280770738
"398",398,52,18.5159547696109,0.000443262411347518,0.592760180995475,0.00110473109178411,0.206470370630358
"399",399,108,1472.03597346058,0.000572409845449342,0.0678435444790585,0.00312032941239254,0.199884757771791
"400",400,21,13.9441189259878,0.000516528925619835,0.542857142857143,0.000705433446906671,0.0625261177705499
"401",401,18,13.8311794846102,0.000535331905781585,0.392156862745098,0.000604268786935227,0.0544431876932915
"402",402,36,2.97233418969973,0.000443852640923213,0.782539682539683,0.000808985984488562,0.154456603813815
"403",403,48,15.0872621840915,0.000458505272810637,0.668439716312057,0.00101528599691482,0.217970673233943
"404",404,15,13.9069728424101,0.0004995004995005,0.161904761904762,0.000570812940802702,0.0335115222188629
"405",405,64,557.45084919598,0.000568828213879408,0.298115079365079,0.00186352249041465,0.0993093747062793
"406",406,5,3.78413371786699,0.000398565165404544,0.6,0.000380183228115542,0.00294558235217762
"407",407,12,20.9278492920595,0.000513874614594039,0.666666666666667,0.000499563642152451,0.028145119281484
"408",408,103,465.259298727877,0.000557724484104852,0.500856653340948,0.0020645817556244,0.376969479713792
"409",409,34,53.9341401416646,0.000525762355415352,0.0998217468805704,0.00106369521327552,0.074360128290981
"410",410,8,0.267501033649041,0.00045662100456621,0.0714285714285714,0.000426539195922947,0.0167525102906376
"411",411,53,20.3966832608828,0.000467289719626168,0.717706821480406,0.00111178149744494,0.224031716152978
"412",412,10,2.31225154801909,0.000503778337531486,0.266666666666667,0.000441804084927574,0.0418068149575767
"413",413,15,47.1876606059855,0.000521376433785193,0.561904761904762,0.000621136707783218,0.0309093915021447
"414",414,210,805.692820211396,0.000504795557799091,0.122077922077922,0.00403205826885055,0.743695134964952
"415",415,14,65.4379286005266,0.000506329113924051,0.307692307692308,0.000592489394556875,0.0231425131533377
"416",416,42,57.1480148678749,0.000463606861381548,0.0801393728222996,0.0013025838071712,0.0931793448238443
"417",417,27,91.376389959686,0.000520291363163372,0.376068376068376,0.000924523435657058,0.0480595629964224
"418",418,15,4.02612591109775,0.000525486074619023,0.733333333333333,0.000553695477916157,0.0395100640984161
"419",419,113,179.590158910288,0.000495540138751239,0.468236409608091,0.00223512801686186,0.39513975354794
"420",420,75,60.9157687445788,0.000460829493087558,0.562882882882883,0.001528283353263,0.282506018114224
"421",421,51,345.233175646765,0.000537056928034372,0.543529411764706,0.00114886876941261,0.204500302360831
"422",422,5,0.260648817336075,0.000510725229826353,0.8,0.000297226207112217,0.0167033118471878
"423",423,4,0.148742155938852,0.000446428571428571,0.666666666666667,0.000281242942403485,0.00811697136829365
"424",424,96,1143.46474929643,0.000574052812858783,0.226315789473684,0.00286437993712651,0.141105430768134
"425",425,9,0.025,0.000416319733555371,0.555555555555556,0.000333082962043489,0.0526866871224747
"426",426,39,684.559732162047,0.00055005500550055,0.414304993252362,0.00129268669964687,0.0740499334650213
"427",427,8,0.9500524410591,0.000500250125062531,0.785714285714286,0.000387694224010801,0.0192685648446831
"428",428,14,3.22960258413429,0.000524383848977452,0.527472527472527,0.000532956727522877,0.0353910914754349
"429",429,34,283.091036971946,0.000550964187327824,0.336898395721925,0.00114292172192638,0.0601453651447397
"430",430,39,130.857873718314,0.000482160077145612,0.635627530364372,0.000970578142004226,0.168179802207033
"431",431,52,280.797246236574,0.000559284116331096,0.273001508295626,0.00151588127367328,0.133659278988492
"432",432,19,486.149900595274,0.000525486074619023,0.298245614035088,0.000774316809584444,0.0358523863856321
"433",433,16,9.05837156219825,0.000468164794007491,0.383333333333333,0.000591716131424338,0.0213427447230121
"434",434,109,570.794270763302,0.000565291124929339,0.467380224260958,0.00220027211840192,0.394557385504257
"435",435,5,0,0.00046882325363338,0.6,0.000300324757605876,0.0165991966577269
"436",436,27,31.1161320771239,0.000537923614846692,0.344729344729345,0.000872937854317783,0.0819225965394678
"437",437,7,0,0.000431778929188256,1,0.000360968977839433,0.00849346094267276
"438",438,3,0,0.0004995004995005,1,0.000254420986427209,0.0148066695710209
"439",439,39,233.920972393274,0.000544662309368192,0.418353576248313,0.000940560267688435,0.155671951031117
"440",440,9,25.6543300648583,0.000522739153162572,0.305555555555556,0.0004312808425008,0.0206577032032913
"441",441,29,39.3613782868593,0.000526870389884088,0.413793103448276,0.000953990671415364,0.0676852834464009
"442",442,5,0,0.000478697941598851,1,0.000303467349474848,0.0148262336053952
"443",443,256,9255.13318206604,0.000668896321070234,0.125490196078431,0.00763188646327061,0.38579193000793
"444",444,7,2.02738797386183,0.000502260170768458,0.571428571428571,0.00036004866960442,0.0187312389150149
"445",445,3,17.3063294038387,0.000442869796279894,0.333333333333333,0.000318454334803149,0.00518464795918252
"446",446,318,8047.35874911523,0.000603864734299517,0.0803722000674563,0.00638184775323355,1
"447",447,8,3.65223249561211,0.00043122035360069,0.357142857142857,0.000407836802282624,0.0132508288465889
"448",448,104,1931.34111796362,0.000593471810089021,0.190627333831217,0.00311873025908758,0.174878468317806
"449",449,14,10.7328219490593,0.000427350427350427,0.318681318681319,0.000440040792879563,0.0680382521384739
"450",450,32,116.935600828415,0.000529661016949153,0.290322580645161,0.00104058580924325,0.0830487485683479
"451",451,14,6.3952320128724,0.000482625482625483,0.472527472527473,0.000528624803684575,0.0309239192693214
"452",452,6,0.692528933625348,0.00045475216007276,0.8,0.000339884144959668,0.0105094637218321
"453",453,98,110.319540880969,0.000473484848484848,0.517357458447296,0.00193311574943512,0.369509338179923
"454",454,118,1494.50354852959,0.000608642726719416,0.228451397942923,0.00326673167828243,0.230181647471846
"455",455,21,11.115941359622,0.000520020800832033,0.538095238095238,0.00072269634340445,0.0440557717021886
"456",456,12,6.76245730294125,0.000488758553274682,0.560606060606061,0.000490689001714666,0.022538640702496
"457",457,4,0.132569302042986,0.000449236298292902,0.833333333333333,0.000277765234397513,0.0110468626323207
"458",458,4,0.518825758339581,0.000411522633744856,0.166666666666667,0.000288447657429315,0.00411069123815761
"459",459,18,116.474346088891,0.000512032770097286,0.215686274509804,0.000746983709056397,0.0222801478971618
"460",460,31,182.972024203477,0.000543183052688756,0.43010752688172,0.00108155870088774,0.0573404979405069
"461",461,63,754.993350788823,0.00058343057176196,0.298515104966718,0.0017287578878415,0.161700555881625
"462",462,34,47.3992252669381,0.000496770988574267,0.513368983957219,0.000785676226232986,0.173521219415739
"463",463,35,105.311186992408,0.000549752611324904,0.514285714285714,0.00110118836219912,0.0870542167991908
"464",464,187,7141.75911497576,0.000640614990390775,0.137714910010925,0.00558652881951421,0.28193328750002
"465",465,6,15.3616546554411,0.000503018108651911,0.6,0.00033378691135185,0.0167733566507523
"466",466,12,21.2028623957623,0.000451875282422051,0.333333333333333,0.000548190972360626,0.0119957942091196
"467",467,22,18.5885980031804,0.000504032258064516,0.134199134199134,0.00082594909948699,0.0375985380532425
"468",468,8,19.4875658801029,0.000462962962962963,0.357142857142857,0.000435055075520103,0.0118849208964512
"469",469,72,181.226944627208,0.000478240076518412,0.624021909233177,0.00149571868213372,0.281171290824567
"470",470,105,548.46024894639,0.000565610859728507,0.488278388278388,0.00212308592048563,0.396394973469008
"471",471,50,63.7935187330711,0.000472366556447803,0.677551020408163,0.00107079392970761,0.202222598501914
"472",472,3,0,0.00043535045711798,1,0.000257207369686241,0.00569902235270485
"473",473,12,14.5544549209098,0.000448833034111311,0.212121212121212,0.00051049998939801,0.0183972782993773
"474",474,8,0,0.000492853622474125,0.107142857142857,0.000421876103781657,0.0214338411793184
"475",475,31,177.322677835662,0.000539956803455724,0.374193548387097,0.00110473243977769,0.0575235901453614
"476",476,118,1540.57412078335,0.000606428138265616,0.218455743879473,0.00344049673926295,0.218917933513618
"477",477,23,67.0214770174609,0.000537923614846692,0.316205533596838,0.000804061662638163,0.058658730743082
"478",478,10,0.623200582941985,0.000513610683102209,0.866666666666667,0.000433784313774841,0.0292905917174546
"479",479,4,0,0.000402252614641995,0.5,0.000277338769710281,0.00629046054672853
"480",480,1,0,0.000426621160409556,0,0.000201801835003805,0.0036847374120952
"481",481,8,8.8008463440971,0.000395413206801107,0.0357142857142857,0.000539889243263429,0.00576354677780293
"482",482,76,233.311979739963,0.000551571980143409,0.530877192982456,0.0015724422600721,0.310670100742536
"483",483,21,4.93169436915679,0.000523286237571952,0.814285714285714,0.000718666168661554,0.0553435112545117
"484",484,4,0.919883906978305,0.000413564929693962,0.666666666666667,0.000305585147178805,0.00308183903526269
"485",485,2,0,0.000421762969211303,1,0.000228315789554447,0.00430505142106811
"486",486,3,0,0.000468603561387067,1,0.000250602730117482,0.0114277748173185
"487",487,21,4.15772855278542,0.000519210799584631,0.614285714285714,0.000708215387377676,0.0436812763809777
"488",488,24,16.7273169371308,0.000545553737043099,0.58695652173913,0.000770111206025506,0.0599261889734011
"489",489,24,0.619187893384448,0.000430292598967298,0.688405797101449,0.000594016770212481,0.117043037133595
"490",490,68,428.58973130865,0.000558971492453885,0.469271290605795,0.00148077255949729,0.266647958598741
"491",491,3,0.0982142857142857,0.000415627597672485,0.333333333333333,0.000238350013259689,0.00779957896604381
"492",492,19,10.122533672434,0.000510986203372509,0.514619883040936,0.000664546172841903,0.0380425218944575
"493",493,331,18136.8645236671,0.000703729767769177,0.0944246086240044,0.00974364579111094,0.464344886096883
"494",494,16,2.16259745828666,0.000519480519480519,0.733333333333333,0.000582479375252003,0.0535436271099022
"495",495,1,0,0.000402252614641995,0,0.00020171304880344,0.00250277959426627
"496",496,36,387.057628344737,0.000555864369093941,0.336507936507937,0.00119225962060026,0.0702621890645231
"497",497,12,4.45460973996103,0.000406338886631451,0.0909090909090909,0.000551715848723048,0.0078819886572276
"498",498,79,74.0746181572075,0.000452898550724638,0.561181434599156,0.00160818356717058,0.317880920797103
"499",499,92,3094.66716586156,0.00056369785794814,0.12876254180602,0.00308721239496523,0.12771405824795
"500",500,35,70.9145281426633,0.000540832882639264,0.401680672268908,0.0010842589223581,0.0754426692436558
"501",501,146,385.398667042108,0.000489476260401371,0.12905054322154,0.00281176934301428,0.592110697817686
"502",502,29,492.150028436011,0.000556173526140156,0.184729064039409,0.000964705581992842,0.0770413500939206
"503",503,9,7.15247784215858,0.000513347022587269,0.416666666666667,0.000439785686984471,0.0202260139610597
"504",504,6,0.328931189514145,0.000428082191780822,0,0.000392449684123826,0.00950784857630448
"505",505,4,0,0.000495294700346706,1,0.000278890880263425,0.0132532100431497
"506",506,33,0.370202378785271,0.000434404865334492,0.732954545454545,0.00074166178354526,0.160504703739777
"507",507,18,16.2049430527566,0.000504540867810293,0.117647058823529,0.00067603246029072,0.0437406367053775
"508",508,9,0.854263512258247,0.000432152117545376,0.25,0.000399745895312636,0.0235656098050652
"509",509,117,3417.64077394573,0.000605693519079346,0.161361626878868,0.00330322344909835,0.245544270541642
"510",510,93,64.338893058387,0.000469924812030075,0.543010752688172,0.00182947646599709,0.351590860746463
"511",511,8,0,0.000498753117206983,0.107142857142857,0.00041925990925946,0.0218105613513423
"512",512,6,0,0.0004212299915754,1,0.000283280333545635,0.0248474027314009
"513",513,142,1001.88301097613,0.000579038795599305,0.0831085805613825,0.00389649918021774,0.33381321357884
"514",514,334,6418.61697775688,0.000627352572145546,0.0462318606031181,0.00899727506640177,0.60363897789077
"515",515,1,0,0.000413907284768212,0,0.000203956665574621,0.00223935016644375
"516",516,178,3616.90212592852,0.000629722921914358,0.156224211261347,0.00504062212193574,0.317127516514377
"517",517,16,3.1371629328024,0.000513610683102209,0.708333333333333,0.000581398419285263,0.0413523952835645
"518",518,8,3.00283749798207,0.000497017892644135,0.464285714285714,0.000368092924030154,0.0227947531575552
"519",519,6,47.1722134692959,0.000503271263210871,0.466666666666667,0.000396858767661789,0.0126263956506035
"520",520,19,23.6508597017767,0.000522466039707419,0.426900584795322,0.000677777799969118,0.0455212668683571
"521",521,19,84.4531478535324,0.00047438330170778,0.269005847953216,0.000779092725306365,0.0212179720190071
"522",522,78,434.006686575744,0.000586510263929619,0.28038628038628,0.00218329323562029,0.183806317847426
"523",523,168,2512.4346307509,0.000604960677555959,0.296906187624751,0.00351183694508539,0.510132009839258
"524",524,86,1122.1824346589,0.000582750582750583,0.284815321477428,0.00251195796895781,0.15722794792914
"525",525,9,0.92266968869305,0.000508388408744281,0.777777777777778,0.000406064694022531,0.0291977197486128
"526",526,7,0,0.000511770726714432,1,0.000361271833266957,0.0216162272272098
"527",527,28,48.0657582646447,0.000528820729772607,0.542328042328042,0.00071389854064597,0.129425013214538
"528",528,6,19.8291159359798,0.000457875457875458,0.333333333333333,0.000347661597090565,0.0125485550991497
"529",529,4,0.583739482335768,0.000462534690101758,0.833333333333333,0.000272369012327403,0.00954949149884232
"530",530,356,21589.7891524793,0.000720980533525595,0.0940022155404336,0.0106480397214063,0.480241928246107
"531",531,163,1906.64764976511,0.000551876379690949,0.293115201090661,0.00346603339840177,0.478738626790364
"532",532,37,225.673863273493,0.000551571980143409,0.477477477477477,0.00120393608000949,0.0688679093089931
"533",533,50,532.473934096139,0.000578368999421631,0.30530612244898,0.00154933404842713,0.12099952266477
"534",534,26,84.2608242544744,0.000479386385426654,0.255384615384615,0.000907085686711967,0.0325591102172864
"535",535,105,1462.95959690802,0.000580720092915215,0.344139194139194,0.00230945431940286,0.363645452653748
"536",536,3,0.698920981347775,0.000392618767177071,0.333333333333333,0.000279035084842698,0.00237800103341266
"537",537,8,8.85160907624305,0.000423728813559322,0.0357142857142857,0.000422520215138469,0.012029418947852
"538",538,26,145.216534704149,0.000531914893617021,0.403076923076923,0.000884026130268262,0.0505454345287986
"539",539,15,9.66042464816362,0.000515729757607014,0.40952380952381,0.000578068153581345,0.0300782668878465
"540",540,15,24.1384638699489,0.00051150895140665,0.571428571428571,0.000585077129747268,0.0227855021281972
"541",541,1,0,0.00048828125,0,0.000204059291509126,0.00642294122454721
"542",542,5,0.154021589107493,0.000506072874493927,0.8,0.000305163439875863,0.0150521161207311
"543",543,5,0,0.000505050505050505,1,0.00030270165494716,0.0221776947677516
"544",544,61,508.015561348241,0.000564334085778781,0.273770491803279,0.00182926121845767,0.12178537306307
"545",545,66,894.91073447328,0.000558035714285714,0.278787878787879,0.00204191275625271,0.0983226247797256
"546",546,89,1222.81903048023,0.000588235294117647,0.244126659856997,0.00231443452326173,0.237796946566918
"547",547,10,9.10023512154327,0.000506842372022301,0.444444444444444,0.000471660689186709,0.0299282005805478
"548",548,74,904.475460168014,0.000574712643678161,0.291003332099222,0.00221638281334014,0.129077383598431
"549",549,65,377.93986412934,0.00057372346528973,0.262980769230769,0.00189866635365095,0.130834746171745
"550",550,11,0.176263025221146,0.000507872016251905,0.327272727272727,0.000442967246617648,0.0505037362580889
"551",551,16,6.39955213723866,0.00043994720633524,0.1,0.000608744302529382,0.0202678305125203
"552",552,20,15.0672680629993,0.000535331905781585,0.468421052631579,0.000692149918148335,0.0463820686791824
"553",553,88,891.820013850293,0.000554631170271769,0.0982236154649948,0.00252755240460687,0.178697946216848
"554",554,368,6482.30261464546,0.00058173356602676,0.0126169885084706,0.00997469387189771,0.67182991638854
"555",555,63,850.376211507782,0.000516262261228704,0.0312339989759345,0.00202677232812578,0.130707797257278
"556",556,30,199.086156628841,0.000527426160337553,0.0873563218390805,0.00108495384056657,0.0574203353230967
"557",557,34,51.876249998692,0.000527704485488127,0.679144385026738,0.000786882447966362,0.156057062288238
"558",558,4,0,0.000490677134445535,0.5,0.000276547216911617,0.0141861408429628
"559",559,2,0.120612773302647,0.000402738622633911,0,0.000232148725354935,0.00226296120659352
"560",560,38,282.152855517931,0.000554016620498615,0.318634423897582,0.00106880301748198,0.133227035000874
"561",561,1,0,0.000359453630481668,0,0.000222195203870201,0.000261329799721239
"562",562,180,9012.80054310435,0.000638977635782748,0.127622594661701,0.00595201218147563,0.227077255126596
"563",563,248,3769.93694925433,0.000574052812858783,0.0955661486221758,0.00490076561533919,0.86971028792328
"564",564,5,0.386260351556566,0.000429922613929493,0.3,0.000305800682174185,0.00899670299860135
"565",565,7,4.07754656278453,0.000508905852417303,0.523809523809524,0.000364670994947211,0.0168549730566253
"566",566,87,144.510025320128,0.000496277915632754,0.56909917134456,0.0017516343572333,0.319944058481374
"567",567,15,40.7820533060256,0.0005249343832021,0.638095238095238,0.000582894825839817,0.0365426538746003
"568",568,64,611.343832966447,0.000557724484104852,0.316964285714286,0.00195042564454508,0.117513501806429
"569",569,116,846.940380454401,0.000544069640914037,0.117541229385307,0.00233195041884008,0.51257877159811
"570",570,78,611.90787629881,0.000568828213879408,0.503163503163503,0.00166515537352535,0.30151610521252
"571",571,58,257.269126632254,0.000557103064066852,0.534180278281912,0.00127554302295194,0.235665777461651
"572",572,9,34.9409886884923,0.000505561172901921,0.638888888888889,0.000489780851667924,0.0188528266096105
"573",573,9,0.111226193295349,0.000507614213197969,0.75,0.000400182275481182,0.0371105208168164
"574",574,13,8.44123891573745,0.000521376433785193,0.461538461538462,0.000510041665068492,0.028906581493606
"575",575,2,0,0.000418585182084554,1,0.000228972580026708,0.00394874813129878
"576",576,12,51.8438270051412,0.000477326968973747,0.348484848484849,0.000546068071088793,0.0183153403822135
"577",577,291,11949.4980393656,0.000687285223367698,0.108970257139472,0.0084674117993433,0.428338998482592
"578",578,9,15.9467362376279,0.000526870389884088,0.527777777777778,0.000405311543137346,0.0254508363493942
"579",579,46,536.663566446001,0.000549752611324904,0.161352657004831,0.00138512126444576,0.111716222968099
"580",580,1,0,0.000414593698175788,0,0.000201243254200291,0.00278031964908694
"581",581,53,323.843975363408,0.000562429696287964,0.341074020319303,0.00164530771014196,0.0956345956440315
"582",582,48,128.075643158633,0.000467945718296678,0.0443262411347518,0.00153812303565682,0.0591320135542338
"583",583,7,81.6501654293045,0.000414765657403567,0.333333333333333,0.000414559428407053,0.00707346188047621
"584",584,125,2703.12898749499,0.000612745098039216,0.212774193548387,0.00361460412853716,0.248155198496395
"585",585,4,15.1134020557711,0.000494315373208107,0.166666666666667,0.000317931174972913,0.00985330329948672
"586",586,3,1.8201276247262,0.000402738622633911,0,0.000289039782415635,0.00235000175126429
"587",587,35,164.796314730934,0.000536480686695279,0.616806722689076,0.000880622515739501,0.146407810569096
"588",588,9,2.82458481318211,0.000509424350483953,0.75,0.000408790814916204,0.0214190337516409
"589",589,126,715.406659295624,0.000515198351365276,0.386285714285714,0.00258614813709646,0.415651281486459
"590",590,26,43.8135063369845,0.000547045951859956,0.538461538461538,0.000839755667899079,0.0760225687349962
"591",591,136,46.4802564390481,0.00045024763619991,0.164596949891068,0.00254204312272143,0.552245774104591
"592",592,1,0,0.000318775900541919,0,0.000201645888338889,0.00104668875886705
"593",593,240,9772.26383428435,0.00065359477124183,0.111366806136681,0.00700730547202317,0.387770899073286
"594",594,10,3.76701059260774,0.000426257459505541,0.0888888888888889,0.000495020179712679,0.00997928672211774
"595",595,72,1478.46122836001,0.000578703703703704,0.18075117370892,0.00230667313620892,0.0937299245999051
"596",596,18,14.7289010073148,0.000524109014675052,0.575163398692811,0.000641456231972559,0.0426583898777015
"597",597,49,5.8351848903895,0.000444444444444444,0.66921768707483,0.00103167503831854,0.208221688871042
"598",598,10,9.10291146102623,0.000510204081632653,0.6,0.00044249390889023,0.0227079958604971
"599",599,5,0,0.00049825610363727,0.6,0.00030029646653515,0.0230690593782613
"600",600,81,1051.83206241845,0.000585137507314219,0.275925925925926,0.00235722443149359,0.118531053655891
"601",601,24,25.4142262697353,0.00053248136315229,0.452898550724638,0.000799469933413384,0.0643360758893464
"602",602,2,0,0.000395256916996047,1,0.000231610701196643,0.00207527954960091
"603",603,9,0,0.0005175983436853,1,0.000399099219119129,0.0320824657570989
"604",604,50,80.7533561217058,0.000564334085778781,0.449795918367347,0.00143634209308477,0.118113104675285
"605",605,76,1013.17949376771,0.000580383052814858,0.250877192982456,0.00226740073322547,0.107811821625439
"606",606,5,0.806719162951242,0.000445632798573975,0.5,0.000307617718886778,0.0088799676737093
"607",607,6,0,0.000497512437810945,0.0666666666666667,0.000401204371614989,0.0169906426952873
"608",608,8,12.2706355123488,0.000465549348230913,0.428571428571429,0.000420726827620091,0.0125384512372572
"609",609,43,105.738196842356,0.000543183052688756,0.376522702104097,0.00133392592956208,0.0981710802483531
"610",610,6,0.806502343171943,0.000418760469011725,0.8,0.000347158882443052,0.00635027703335947
"611",611,8,0.248272736594877,0.000517063081695967,0.892857142857143,0.000380193557135092,0.0275078110677789
"612",612,6,0,0.000493583415597236,0.666666666666667,0.000326295346393151,0.0273254386750006
"613",613,6,0.192518523178901,0.000508905852417303,0.933333333333333,0.000332814706290754,0.0209203445191915
"614",614,97,431.188324518734,0.000565930956423316,0.500214776632302,0.00196300707522703,0.35616838284184
"615",615,3,2.12634416298815,0.000437828371278459,0.666666666666667,0.000239591794076088,0.0106767578631975
"616",616,38,78.2547757418658,0.000552486187845304,0.364153627311522,0.00116674266630975,0.0751243114166604
"617",617,82,1597.58761842371,0.000595947556615018,0.258355916892502,0.00242361151313074,0.158494390612203
"618",618,6,7.16210688537625,0.000497512437810945,0.8,0.000348008626460598,0.0168016986003056
"619",619,29,87.9486215520803,0.000540832882639264,0.448275862068965,0.000946752261183035,0.0679726836278035
"620",620,1,0,0.000382262996941896,0,0.000206845318839668,0.000846077766133763
"621",621,83,394.104135083844,0.000582072176949942,0.265060240963855,0.00229475511262502,0.19355867832569
"622",622,7,0.0700042881646655,0.000448229493500672,0.238095238095238,0.000346167064427068,0.0229624593360465
"623",623,54,44.9252009300705,0.000466853408029879,0.695317959468903,0.00112557225703557,0.226453607864287
"624",624,23,93.8595071660989,0.000546448087431694,0.458498023715415,0.000736348780669873,0.0641625605197391
"625",625,4,0.294956301042827,0.000503018108651911,0.666666666666667,0.000279022836311401,0.0127337473832212
"626",626,50,151.947937074663,0.000513083632632119,0.0906122448979592,0.001516721781749,0.094890959429502
"627",627,11,13.2729237769,0.000443458980044346,0.218181818181818,0.000476435898768196,0.0170519318492671
"628",628,88,82.4507415250097,0.000475511174512601,0.538140020898642,0.00175755068713583,0.336266278683646
"629",629,11,22.2245293478729,0.000505050505050505,0.6,0.000503296915088778,0.0174942932038328
"630",630,31,173.371873910044,0.000527983104540655,0.509677419354839,0.00103994693792898,0.0632054787206215
"631",631,25,64.4058967298745,0.000532197977647685,0.463333333333333,0.000876599246047359,0.044956829776599
"632",632,3,0,0.000497512437810945,1,0.000259824006726567,0.0093414407143688
"633",633,23,570.081992567275,0.000535045478865704,0.450592885375494,0.000864740598864327,0.0488099666623599
"634",634,44,82.6973040239812,0.000546746856205577,0.423890063424947,0.00135544046017132,0.0812905600513153
"635",635,78,68.1491691964756,0.000463606861381548,0.561771561771562,0.00159185755582509,0.29147590764003
"636",636,115,271.214773714782,0.00051413881748072,0.462242562929062,0.00227975726258669,0.409002212691811
"637",637,1,0,0.000347222222222222,0,0.00028151693781396,9.23591155485474e-05
"638",638,64,340.453288271759,0.000564334085778781,0.344246031746032,0.00188316944507253,0.105281726044616
"639",639,3,0,0.000490436488474743,1,0.000264502380071909,0.00901915981964534
"640",640,46,176.902293478455,0.00054525627044711,0.0772946859903382,0.00135070785485337,0.137848784002365
"641",641,31,30.2092024748543,0.00054525627044711,0.535483870967742,0.000971436097494753,0.0730374452293589
"642",642,6,0.905016595217282,0.000455996352029184,0.466666666666667,0.000335594788645901,0.0104455118466299
"643",643,59,1277.04062924445,0.000558971492453885,0.320280537697253,0.00192074265676554,0.0886740359379119
"644",644,29,40.215869381406,0.000548546352166758,0.477832512315271,0.000928363871464885,0.0901927564372007
"645",645,3,0.0486596736596737,0.000448833034111311,0.666666666666667,0.000250867829702277,0.00863473317324757
"646",646,19,139.963580145519,0.000500751126690035,0.192982456140351,0.000686898751469112,0.0413189876281789
"647",647,23,50.8742785030709,0.000516528925619835,0.308300395256917,0.00083196380769941,0.0404994056385337
"648",648,40,186.273647130736,0.000537634408602151,0.270512820512821,0.00125419106653902,0.0853461905386096
"649",649,47,706.597928061363,0.000561167227833894,0.274745605920444,0.00135479635887689,0.130633517691211
"650",650,2,0,0.000489715964740451,1,0.000232307430865542,0.00787225908338901
"651",651,116,806.862166365277,0.000565930956423316,0.441379310344828,0.00231887510571106,0.432589751385717
"652",652,1,0,0.000382262996941896,0,0.000206845318839668,0.000846077766133763
"653",653,2,0,0.000489715964740451,1,0.000232307430865542,0.00787225908338901
"654",654,16,1.20955773338381,0.000434404865334492,0.65,0.000467172831516744,0.0784617637282625
"655",655,32,160.928600205412,0.000539956803455724,0.558467741935484,0.00105100332415785,0.0678892592638139
"656",656,2,0,0.000490196078431373,1,0.000230187338729133,0.00736276992213577
"657",657,34,157.63425449635,0.000539374325782093,0.351158645276292,0.00111504077726167,0.0662944336455289
"658",658,2,0.370741668987283,0.000369959304476508,0,0.000247391024652969,0.000762414072839085
"659",659,6,0.16124850523259,0.000450856627592426,0.533333333333333,0.000322444703485899,0.0163640480677256
"660",660,30,37.4551384257055,0.00053276505061268,0.383908045977012,0.000963467152617553,0.0813179533450182
"661",661,20,16.8056823526081,0.000550357732526142,0.647368421052632,0.000648667003728158,0.0679084686261824
"662",662,141,2645.90277210124,0.000616142945163278,0.180344478216819,0.00402657493213156,0.213594398975074
"663",663,8,0.285984848484848,0.000457038391224863,0.928571428571429,0.000394412290394212,0.013159078663046
"664",664,23,35.49043714905,0.000533049040511727,0.525691699604743,0.000820731890940817,0.0461109900675971
"665",665,131,3444.90358051487,0.00060313630880579,0.203053435114504,0.00336215288942089,0.323214995834022
"666",666,16,9.1679516452112,0.000472813238770686,0.358333333333333,0.000601932958861399,0.0331847854131984
"667",667,1,0,0.000402252614641995,0,0.00020171304880344,0.00250277959426627
"668",668,27,69.1293742296368,0.000531067445565587,0.37037037037037,0.000885641450266785,0.0604450412358909
"669",669,11,358.009196256622,0.000519210799584631,0.509090909090909,0.000584697184855677,0.0236729177635189
"670",670,5,3.30949006799886,0.000427350427350427,0.5,0.000328914913266369,0.0048849648611085
"671",671,8,8.83702776122579,0.00051413881748072,0.535714285714286,0.000380657586325262,0.0218054681642004
"672",672,12,20.1212874239996,0.000525486074619023,0.393939393939394,0.000514177012436905,0.0278917287457619
"673",673,19,84.2291591165562,0.000484966052376334,0.391812865497076,0.000736302281871424,0.0290006200893831
"674",674,31,26.90106007979,0.000542593597395551,0.470967741935484,0.000953068797934115,0.0763082213770751
"675",675,3,0,0.000357909806728704,1,0.000228348596213535,0.00995724190360468
"676",676,21,79.4901794668596,0.000509164969450102,0.266666666666667,0.000798363917516921,0.0302432200905433
"677",677,59,192.209495020158,0.000556792873051225,0.355347749853887,0.00171804985663474,0.100420442337615
"678",678,7,0.88269803107837,0.000521920668058455,0.809523809523809,0.000350657591458924,0.0244020876398534
"679",679,47,32.998376958837,0.000453309156844968,0.700277520814061,0.00102582295630243,0.182620409463288
"680",680,7,24.6171709030943,0.00042863266180883,0.333333333333333,0.000411424230283034,0.00841954441284499
"681",681,64,593.612567652471,0.000560224089635854,0.319940476190476,0.00195207942664525,0.094117104163126
"682",682,1,0,0.00048828125,0,0.000204059291509126,0.00642294122454721
"683",683,3,0.402847605370173,0.000429553264604811,0.333333333333333,0.000255662353344899,0.00487468264948977
"684",684,9,9.6302129279727,0.000516795865633075,0.666666666666667,0.000436105420746522,0.0217619784330575
"685",685,70,608.826821972666,0.000575373993095512,0.237267080745342,0.00211099630199166,0.109226008804829
"686",686,20,5.75427266860618,0.000520833333333333,0.694736842105263,0.000684669382604676,0.0525281869541538
"687",687,51,119.820959241685,0.000532197977647685,0.0384313725490196,0.00151415732933215,0.114855247966449
"688",688,180,3613.64312139903,0.000624609618988132,0.164494103041589,0.00514507173100905,0.308265917003568
"689",689,24,40.1319592818702,0.000503778337531486,0.155797101449275,0.000873588705598002,0.0307422639134222
"690",690,30,159.929514743851,0.000542593597395551,0.409195402298851,0.00104250278212311,0.0515818832181408
"691",691,1,0,0.000358680057388809,0,0.000209424464934626,0.000598625935086345
"692",692,19,94.9418378643522,0.000525486074619023,0.502923976608187,0.000714134885056012,0.0464144286171709
"693",693,559,82163.9439563286,0.000835421888053467,0.0528401331102006,0.0185517961409021,0.651306742895797
"694",694,31,193.18080787303,0.000537634408602151,0.294623655913978,0.00103425017531946,0.0548021815605321
"695",695,11,10.4250765515074,0.000518672199170124,0.636363636363636,0.000483419934429831,0.0239052590595021
"696",696,5,0.952938477368865,0.000429000429000429,0.2,0.000315239497816513,0.00653003344974277
"697",697,2,0,0.000407497962510187,1,0.000230848983711658,0.0031616460658651
"698",698,15,84.3921288337663,0.00053248136315229,0.542857142857143,0.000614920022234374,0.0372585154255393
"699",699,15,26.7629211047521,0.000522466039707419,0.523809523809524,0.000626852038923249,0.034506356301236
"700",700,142,3699.50159162633,0.000612745098039216,0.251223653980621,0.00341733245677294,0.399442202985392
"701",701,17,3.95636631497914,0.000537634408602151,0.661764705882353,0.000600750059017153,0.0567188534259015
"702",702,146,226.6672673046,0.000465983224603914,0.125082664147378,0.00280709409793344,0.5669111058676
"703",703,17,27.4189886182034,0.000505305709954523,0.360294117647059,0.000653488894637918,0.0277610295054893
"704",704,58,1052.94917920594,0.0005720823798627,0.251663641863279,0.00191404398543996,0.0825060327000525
"705",705,191,6401.95076232711,0.000628140703517588,0.251364012124552,0.00422627559833873,0.563125769506029
"706",706,15,13.0469377180664,0.000488997555012225,0.342857142857143,0.000581545245311575,0.028764092378632
"707",707,29,30.9920500498843,0.00053850296176629,0.45320197044335,0.000918551934425351,0.0569427442977372
"708",708,12,41.2330124754925,0.000508130081300813,0.333333333333333,0.000568321380642475,0.0187070542120423
"709",709,22,56.5087058901066,0.000519480519480519,0.402597402597403,0.000794442007169885,0.0439835038067987
"710",710,13,64.6371740528176,0.00053475935828877,0.525641025641026,0.000555762105488526,0.0335506471181893
"711",711,31,1202.05331461652,0.000516262261228704,0.266666666666667,0.00122448262359951,0.0607025806968246
"712",712,49,149.424747452392,0.000551876379690949,0.44047619047619,0.00150124810707025,0.105054799176164
"713",713,4,5.0171074784396,0.000498753117206983,0.666666666666667,0.000297506795408339,0.00964830835741686
"714",714,34,42.7019069357675,0.000545553737043099,0.472370766488414,0.00105985176819948,0.0699744489747525
"715",715,19,43.9074556272068,0.000528820729772607,0.409356725146199,0.000720581923037673,0.0331088767800909
"716",716,24,161.708051078332,0.000529941706412295,0.235507246376812,0.0008291897992394,0.0468342894932173
"717",717,17,39.3658628180167,0.000529661016949153,0.595588235294118,0.000618253038128802,0.0579367122133479
"718",718,11,0.897551030064731,0.000512295081967213,0.690909090909091,0.000452843124071663,0.0340813429014475
"719",719,2,0,0.000352982703847511,1,0.000368808833569197,0.000130537171863462
"720",720,7,14.8706028834947,0.000524658971668416,0.476190476190476,0.000383217116939398,0.0184391129096402
"721",721,6,38.2376247048914,0.000455788514129444,0.266666666666667,0.000429312233874175,0.0108822442253438
"722",722,9,1.57305715607463,0.00044404973357016,0.222222222222222,0.000398856632889809,0.0146743899089622
"723",723,11,49.9136600793447,0.00051413881748072,0.581818181818182,0.000487772853866767,0.0401628646620907
"724",724,6,9.21451851029161,0.000449842555105713,0.466666666666667,0.000349014978972059,0.0104725150423264
"725",725,25,22.1383022922946,0.000474158368895211,0.23,0.000807350650721899,0.056491531509531
"726",726,10,4.79681341819272,0.000502765208647562,0.555555555555556,0.000446827505335558,0.0197713692431735
"727",727,15,2.43835625021544,0.000524383848977452,0.619047619047619,0.00054583425266661,0.0418940264918386
"728",728,86,662.678773109465,0.000570776255707763,0.473871409028728,0.00183085540536874,0.324288002784531
"729",729,113,625.853718588849,0.00050251256281407,0.4775600505689,0.00227628005938595,0.407880028128662
"730",730,15,423.074237841187,0.000512557662737058,0.2,0.000651186960333247,0.0414588343088637
"731",731,5,2.30544428160503,0.000515463917525773,0.6,0.000308433163075683,0.0180260805642344
"732",732,21,87.1625918313007,0.000538213132400431,0.438095238095238,0.000745809874652112,0.041632499655856
"733",733,20,13.3569332111125,0.000521376433785193,0.526315789473684,0.000679991072916148,0.0513870073896295
"734",734,127,452.630472380155,0.000511247443762781,0.408698912635921,0.00255026592906213,0.434532434525648
"735",735,12,25.1270767656292,0.000524658971668416,0.484848484848485,0.000485097001368357,0.0456683798647299
"736",736,69,772.544316837283,0.00057372346528973,0.229752770673487,0.00208815938940559,0.117402168951787
"737",737,12,854.625861704301,0.000517866390471258,0.590909090909091,0.000654286058624379,0.026499675884867
"738",738,14,6.39765538016557,0.00051440329218107,0.571428571428571,0.00055301079380354,0.0327026443578543
"739",739,19,22.2369645660528,0.000510464522715671,0.555555555555556,0.000721302088948072,0.0261543309492887
"740",740,2,0,0.00040650406504065,1,0.000229568388447369,0.00320512110042643
"741",741,121,4930.79219386831,0.000611620795107034,0.183057851239669,0.00368168940907598,0.253789840003175
"742",742,87,95.3948454726037,0.000488519785051295,0.536487570168404,0.00175943377707778,0.31954532862977
"743",743,6,8.53740022389311,0.000503778337531486,0.466666666666667,0.000340440710572189,0.0154005805478369
"744",744,102,2665.19718056398,0.000602409638554217,0.224422442244224,0.00305825972285126,0.196157915952501
"745",745,92,1958.46134900044,0.000561167227833894,0.0496894409937888,0.00269678744052416,0.221213909296563
"746",746,116,2111.80980598553,0.000599161174355902,0.196851574212894,0.00336373364075317,0.204862380174038
"747",747,3,0,0.000504032258064516,1,0.000250485942058126,0.0123659527924763
"748",748,103,1047.98451575211,0.000597371565113501,0.254711593375214,0.00268407771223729,0.272081001458945
"749",749,13,0.098568901643592,0.000417885499373172,0.538461538461538,0.000401033471510098,0.0734891312323536
"750",750,49,1143.72659748823,0.000573065902578797,0.255102040816327,0.00155934309947067,0.133214251272639
"751",751,46,315.747711821574,0.000542888165038002,0.230917874396135,0.00140055495296478,0.0896378357764672
"752",752,19,17.1870571664467,0.000523286237571952,0.526315789473684,0.000686627936273793,0.0369569427745142
"753",753,168,2654.84835034102,0.00062111801242236,0.168520102651839,0.00468781115663378,0.290655168096202
"754",754,11,9.07047806881229,5e-04,0.527272727272727,0.000462433237871766,0.0248619614967439
"755",755,1,0,0.000426257459505541,0,0.000201190189406899,0.00380453437397011
"756",756,142,1531.06046957097,0.000591366055588409,0.362001798022176,0.00292861103515709,0.468222553997866
"757",757,13,8.25541184554959,0.000474833808167142,0.435897435897436,0.000538793992961033,0.02111666533613
"758",758,7,0.417948606196984,0.00051150895140665,0.714285714285714,0.00035673385578379,0.0206873427319662
"759",759,13,2.22760931972953,0.000519480519480519,0.794871794871795,0.000516675095985089,0.0313973180099792
"760",760,58,143.298991469781,0.000548245614035088,0.311554748941319,0.00167039550053887,0.133376586565704
"761",761,73,834.64653286534,0.000586166471277843,0.320395738203957,0.0022513741072978,0.141033380233082
"762",762,1,0,0.000376647834274953,0,0.000204746609453193,0.00107124779398528
"763",763,25,29.6466035646852,0.000529941706412295,0.386666666666667,0.000809593522690725,0.0642052515429473
"764",764,24,206.030465516908,0.000521920668058455,0.420289855072464,0.000881913149999955,0.0415041700056718
"765",765,6,1.5518580232125,0.0005005005005005,0.6,0.000350017271069837,0.0161257752947522
"766",766,21,32.9632554208292,0.000472143531633617,0.357142857142857,0.000762204845071114,0.0241999212526118
"767",767,110,338.357791208692,0.00055005500550055,0.0815679733110926,0.00293815971988145,0.238095290523013
"768",768,8,7.4439186228083,0.000442477876106195,0.142857142857143,0.000356112394002095,0.0299194978658437
"769",769,24,45.5448788522364,0.000529100529100529,0.550724637681159,0.00082983004074217,0.0538589608450638
"770",770,51,471.348867884681,0.000569476082004556,0.287058823529412,0.0013863109255058,0.127218356298665
"771",771,114,2088.68908817185,0.000610500610500611,0.24219841639497,0.0032699128099186,0.215578915399507
"772",772,76,841.357687286433,0.000580383052814858,0.391929824561404,0.00178153935355899,0.264232296677668
"773",773,46,241.901213706922,0.000560538116591928,0.350724637681159,0.00147573964219782,0.0902348473177466
"774",774,4,0,0.000491159135559921,1,0.000282401055716223,0.0127999163209946
"775",775,70,716.073271178754,0.000544959128065395,0.0596273291925466,0.00171555103035047,0.261727517131016
"776",776,9,0.771894844691974,0.000508905852417303,0.638888888888889,0.000403060447452454,0.0272729588492158
"777",777,41,422.191206299093,0.000553097345132743,0.317073170731707,0.00128283837891449,0.0866802165012109
"778",778,23,115.063331124712,0.000538213132400431,0.391304347826087,0.000853366408123636,0.0501732674769238
"779",779,6,2.1684598548534,0.000491400491400491,0.4,0.000386442979077371,0.00929626255601642
"780",780,28,31.2571584402841,0.000540540540540541,0.478835978835979,0.00090591235245289,0.0548244174752909
"781",781,2,0,0.000454132606721163,1,0.000226211636302452,0.00838372834647365
"782",782,120,963.801893979431,0.000555555555555556,0.076750700280112,0.0034085144067935,0.192670255450544
"783",783,2,0,0.000411692054343351,1,0.000234098633877597,0.00302429065611066
"784",784,51,118.936365220511,0.000551571980143409,0.363921568627451,0.00150189176679201,0.102706951382634
"785",785,21,21.681554515808,0.000453926463912846,0.242857142857143,0.000718468619879534,0.0505267870028632
"786",786,24,175.83750206009,0.000515995872033024,0.101449275362319,0.00082566132747704,0.0523882629782924
"787",787,11,11.5568442994707,0.000505050505050505,0.309090909090909,0.000514035074161623,0.0218215916206388
"788",788,76,1092.81563184665,0.000513347022587269,0.0484210526315789,0.0022845047041311,0.153208329623791
"789",789,28,15.4038975909578,0.000526038926880589,0.492063492063492,0.000892802303472327,0.0739349587120801
"790",790,46,431.394958517733,0.000548245614035088,0.392270531400966,0.00144496837054902,0.0923959744353807
"791",791,127,2494.33135051098,0.000609013398294763,0.19697537807774,0.00350159985786446,0.269540072325755
"792",792,25,335.17197941896,0.000527148128624143,0.24,0.000907630013885308,0.0487285254354716
"793",793,46,151.619326679116,0.000546746856205577,0.413526570048309,0.0013848222257006,0.086607693312253
"794",794,14,1.17241154197676,0.00050251256281407,0.142857142857143,0.000578814829510532,0.0345466141729663
"795",795,30,22.2901300729386,0.000448229493500672,0.0367816091954023,0.00102770159750053,0.029415484324587
"796",796,157,4651.58053487055,0.000625782227784731,0.162175404213621,0.00477401030743837,0.230459642776956
"797",797,35,1032.6209860813,0.000536480686695279,0.27563025210084,0.00131214761421195,0.0440635267433774
"798",798,131,1706.50256466396,0.000587889476778366,0.382384028185555,0.00272096316470069,0.432542031129692
"799",799,6,1.06523097212621,0.000497017892644135,0.733333333333333,0.000341132314455343,0.012101054190799
"800",800,33,62.2088103807494,0.000548847420417124,0.484848484848485,0.00104627844165354,0.0765787174315979
"801",801,81,1610.37092251416,0.000578368999421631,0.261728395061728,0.00255949527716419,0.138906955973735
"802",802,8,0.34285319181636,0.000510986203372509,0.857142857142857,0.00038375165985513,0.0237302989828715
"803",803,15,2.38947908652449,0.00051975051975052,0.647619047619048,0.00055229966307136,0.0419914244282312
"804",804,15,14.4718296489516,0.000514668039114771,0.40952380952381,0.000562820022067584,0.0537509354860483
"805",805,5,212.174894949485,0.000492610837438424,0.4,0.00040037247012837,0.0108950097325391
"806",806,2,0,0.000492125984251968,1,0.000229420988869045,0.00781446971427012
"807",807,4,2.47176385640263,0.000423190859077444,0.166666666666667,0.000263434391517755,0.00845757530208901
"808",808,107,1229.53526962341,0.000575043128234618,0.433433256921178,0.00222834832896579,0.38666955766579
"809",809,24,36.305467167878,0.000539083557951483,0.623188405797101,0.000780369704449644,0.0716738678769592
"810",810,67,201.294934181128,0.000574712643678161,0.336047037539575,0.00190148829437942,0.126788252587996
"811",811,21,13.4178826612554,0.000528541226215645,0.609523809523809,0.000718510715789871,0.0513097844469725
"812",812,25,58.7706502457383,0.000529661016949153,0.29,0.000834773892919084,0.0538309658508131
"813",813,14,25.6824899889661,0.000524109014675052,0.472527472527473,0.000557240519255793,0.0315362576759666
"814",814,109,3277.40800102543,0.000599520383693046,0.17465171593612,0.00310969488102282,0.264410514961561
"815",815,13,4.77752094023319,0.000521648408972353,0.794871794871795,0.000512806877781718,0.0402840281532118
"816",816,14,21.6350676382039,0.000467726847521048,0.21978021978022,0.000545746171306153,0.0430955485361391
"817",817,8,2.67216497374065,0.000510725229826353,0.642857142857143,0.0003965657676252,0.0187761847568087
"818",818,8,0,0.000504540867810293,0.357142857142857,0.000372726477376309,0.043992724601706
"819",819,167,3078.50977921085,0.000611995104039168,0.298535459202078,0.00350323310456421,0.518578665145393
"820",820,44,310.837548609635,0.000555555555555556,0.331923890063425,0.00137307175697831,0.101889613662829
"821",821,9,34.4374899249692,0.000509164969450102,0.472222222222222,0.000423736980320512,0.0260520602698566
"822",822,5,1.22618111464769,0.000491159135559921,0.6,0.00035001087565267,0.00861382444612433
"823",823,22,75.2411198737761,0.000495785820525533,0.294372294372294,0.000799314107663563,0.0286825445288565
"824",824,121,2979.31187078686,0.000599520383693046,0.201790633608815,0.00310716183334058,0.32993873662797
"825",825,59,210.751474564514,0.000559597090095132,0.293395675043834,0.00172545099653246,0.118671811318735
"826",826,13,3.78457856265625,0.000523012552301255,0.538461538461538,0.000513086946699863,0.0318347129058424
"827",827,7,0.0973699763593381,0.000418760469011725,0.904761904761905,0.000354902149005561,0.00846957041258953
"828",828,147,2682.97575038317,0.000617665225447807,0.179573199142671,0.00430994886413705,0.228758496653739
"829",829,27,83.9748209762717,0.000518134715025907,0.202279202279202,0.000950891991788442,0.0401284408150352
"830",830,25,14.9961793288192,0.000528541226215645,0.513333333333333,0.000821549651987163,0.0606770401672912
"831",831,10,6.50283932564002,0.000487567040468064,0.6,0.000374959459854312,0.0389648433185001
"832",832,103,1504.37779287747,0.000583771161704612,0.371787549971445,0.0022549778761451,0.357833293317351
"833",833,52,1933.65704242822,0.00056657223796034,0.26395173453997,0.00189618779726907,0.0857949862581812
"834",834,91,104.104550634499,0.000486144871171609,0.507203907203907,0.00180748332649771,0.356600307633979
"835",835,45,250.101774237474,0.000533902829684997,0.26969696969697,0.00136310792528766,0.0791636666707649
"836",836,137,2940.53876847326,0.000557103064066852,0.319665092314298,0.00307846890045706,0.414954270809436
"837",837,5,18.2947824649265,0.00040453074433657,0.3,0.00041083554611395,0.00306517858727255
"838",838,44,122.718888175959,0.000548546352166758,0.39323467230444,0.00134494854842444,0.0915822418818067
"839",839,6,1548.68593276411,0.000492853622474125,0.133333333333333,0.000745884680679879,0.0093655091369611
"840",840,256,4761.21464288617,0.000568828213879408,0.013296568627451,0.00714465537064038,0.418255033729754
"841",841,118,2131.00358252969,0.000611620795107034,0.251195132551065,0.00328264807623155,0.273073534230211
"842",842,69,1435.51689405776,0.000569151963574274,0.305626598465473,0.00223034514500577,0.131407588294044
"843",843,39,423.597862645515,0.000550357732526142,0.33468286099865,0.00114408073169514,0.107140668196492
"844",844,3,3.85382625963557,0.00041101520756268,0.333333333333333,0.000288170308729757,0.00365874972224662
"845",845,42,115.377173407282,0.000544365813826892,0.425087108013937,0.0012892126595519,0.0798520760209857
"846",846,2,0.2,0.000374251497005988,0,0.000252988892227368,0.000714798843296408
"847",847,7,14.0870229861168,0.000426075841499787,0.238095238095238,0.000415899089245489,0.00675756782169143
"848",848,15,77.6053015495246,0.000518672199170124,0.638095238095238,0.000638220377934706,0.0292151859363243
"849",849,6,211.439471987478,0.000418935902806871,0.266666666666667,0.000616178087684023,0.00387137677883906
"850",850,38,54.2902923707823,0.000537345513164965,0.450924608819346,0.00116464375365876,0.0842937778904072
"851",851,24,26.8440523537136,0.00053134962805526,0.557971014492754,0.000810152366632359,0.0574940275558486
"852",852,40,561.50364761142,0.000543773790103317,0.271794871794872,0.00145217080860581,0.0523750767422285
"853",853,12,6.70683101761931,0.000516528925619835,0.393939393939394,0.000481572932797118,0.0272585080685209
